{"tfjsVersion":"1.3.1","tmVersion":"2.4.5","packageVersion":"0.8.4-alpha2","packageName":"@teachablemachine/image","timeStamp":"2023-01-12T10:15:55.026Z","userMetadata":{},"modelName":"tastyScan PWA","labels":["Eggplant","Tomato","Onion","Cauliflower","Corn","Celery","Okra","Upo","Malunggay","Munggo","Sayote","Patani","Cucumber","Papaya","Squash","Banana Bell","Sweet potato leaves","Lettuce","Asparagus","Bell pepper","Broccoli","Petchay","Carrots","Sitaw","Repolyo/Cabbage","Radish","Garlic","Potato","Ampalaya","Ginger","Kiwi","Apple","Lemon","Orange","Avocado","Grapes","Mango","Peaches","Dragon fruit","Egg","Banana","Beetroot","Chili Pepper","Jalapeno","Pear","Peas","Pineapple","Spinach","Turnip","Watermelon"],"imageSize":224}